"id","email","car"
5,jwarmisham4@ebay.co.uk,BMW
3,etroy2@statcounter.com,Pontiac
1,rwickmann0@biblegateway.com,Mazda
4,straite3@desdev.cn,Mitsubishi
6,ljedrysik5@alibaba.com,Mercury
2,fgibbard1@webs.com,Nissan
7,mskillett6@addthis.com,Oldsmobile
9,csnowling8@ted.com,Oldsmobile
8,dpockey7@time.com,Suzuki
10,taitchison9@ehow.com,Buick
11,nhaffnera@oracle.com,Mazda
13,olinehamc@domainmarket.com,Mitsubishi
12,rdaymontb@rakuten.co.jp,Toyota
14,mwyllcocksd@opera.com,Maserati
15,skeepencee@51.la,Chevrolet
18,nwitlingh@bravesites.com,Porsche
16,fiacovinif@sohu.com,Toyota
19,kbrydelli@cnn.com,GMC
17,rmakeyg@jimdo.com,Lexus
20,rwithamj@wired.com,Buick
21,jtaggartk@nhs.uk,Kia
22,rvangol@edublogs.org,Chevrolet
23,mmecozzim@prweb.com,Mercedes-Benz
25,dcoalburno@stanford.edu,Ford
26,epanksp@com.com,Ford
24,cbewn@xrea.com,Oldsmobile
27,rboolsq@zdnet.com,Mercedes-Benz
32,atilnev@tiny.cc,Infiniti
30,ldaftert@smh.com.au,Lexus
28,dpilchr@artisteer.com,GMC
31,sthumannu@usa.gov,Ford
29,mcabels@springer.com,Acura
34,dpascowx@list-manage.com,Dodge
35,dlittlemorey@npr.org,Oldsmobile
33,moakwoodw@w3.org,Jeep
38,mnudd11@tmall.com,Cadillac
37,gfeaver10@youtube.com,Ford
36,ijorinz@jalbum.net,Toyota
39,jkillbey12@cornell.edu,Volkswagen
40,eleys13@techcrunch.com,Lexus
42,mpietruszewicz15@over-blog.com,Dodge
43,hthebes16@posterous.com,Ford
41,dgertz14@pagesperso-orange.fr,Suzuki
45,schataignier18@mac.com,Volvo
47,garger1a@unesco.org,Nissan
44,mfishlock17@house.gov,Mitsubishi
49,tlethley1c@stumbleupon.com,Land Rover
48,phearnes1b@samsung.com,Maybach
46,bsands19@statcounter.com,Ford
52,rdaggett1f@com.com,Land Rover
51,emuirden1e@dropbox.com,Chevrolet
50,mcleaton1d@bravesites.com,BMW
53,jderyebarrett1g@list-manage.com,Chevrolet
54,amcleoid1h@ask.com,Nissan
55,speacocke1i@microsoft.com,Cadillac
56,cmansel1j@tripadvisor.com,Mitsubishi
58,vjaray1l@typepad.com,Chevrolet
57,mpresidey1k@artisteer.com,Nissan
59,zpedroni1m@tumblr.com,Toyota
60,fmarchington1n@businessinsider.com,Pontiac
61,wneedham1o@livejournal.com,Kia
63,haldus1q@tumblr.com,Porsche
62,btivenan1p@reference.com,BMW
64,tlambeth1r@biblegateway.com,Chrysler
67,dlevermore1u@linkedin.com,Infiniti
66,rchestnut1t@ocn.ne.jp,Volkswagen
68,tgrievson1v@gnu.org,Mercedes-Benz
65,cspurman1s@si.edu,Toyota
69,csweetman1w@goodreads.com,Dodge
70,aconkey1x@techcrunch.com,Mercedes-Benz
73,twomersley20@google.nl,Porsche
72,mrozet1z@technorati.com,Plymouth
71,killesley1y@timesonline.co.uk,Mitsubishi
74,jhullyer21@geocities.com,Dodge
75,thentze22@wunderground.com,Honda
76,camar23@mysql.com,Ford
78,tboggas25@ebay.com,Dodge
80,kdudderidge27@deliciousdays.com,Pontiac
81,jvondracek28@army.mil,Mazda
77,spallister24@cbslocal.com,Lincoln
79,lmatashkin26@dailymotion.com,Dodge
82,lchessor29@ifeng.com,Lincoln
84,pmowett2b@omniture.com,Suzuki
83,krenshall2a@scribd.com,Volvo
86,garmal2d@google.ca,Dodge
88,lfeare2f@histats.com,Lexus
87,hyitzowitz2e@merriam-webster.com,Chevrolet
85,jlinklater2c@gnu.org,Chrysler
89,trumke2g@amazon.com,Volvo
90,cfahrenbacher2h@facebook.com,Mercedes-Benz
91,ggoldfinch2i@forbes.com,Chevrolet
94,nbonniface2l@shinystat.com,Mitsubishi
93,gchappelle2k@woothemes.com,Ford
92,dblumson2j@engadget.com,Chevrolet
95,bbeels2m@digg.com,Cadillac
98,cgrishin2p@eventbrite.com,Porsche
96,mbillings2n@shop-pro.jp,Mercedes-Benz
99,clinay2q@mapy.cz,Buick
100,ltrye2r@biglobe.ne.jp,Hyundai
97,diwanowski2o@wikimedia.org,Toyota
6,ljedrysik5@alibaba.com,Mercury
1,rwickmann0@biblegateway.com,Mazda
4,straite3@desdev.cn,Mitsubishi
2,fgibbard1@webs.com,Nissan
5,jwarmisham4@ebay.co.uk,BMW
3,etroy2@statcounter.com,Pontiac
10,taitchison9@ehow.com,Buick
9,csnowling8@ted.com,Oldsmobile
8,dpockey7@time.com,Suzuki
7,mskillett6@addthis.com,Oldsmobile
11,nhaffnera@oracle.com,Mazda
12,rdaymontb@rakuten.co.jp,Toyota
13,olinehamc@domainmarket.com,Mitsubishi
16,fiacovinif@sohu.com,Toyota
14,mwyllcocksd@opera.com,Maserati
15,skeepencee@51.la,Chevrolet
17,rmakeyg@jimdo.com,Lexus
18,nwitlingh@bravesites.com,Porsche
21,jtaggartk@nhs.uk,Kia
20,rwithamj@wired.com,Buick
19,kbrydelli@cnn.com,GMC
22,rvangol@edublogs.org,Chevrolet
23,mmecozzim@prweb.com,Mercedes-Benz
24,cbewn@xrea.com,Oldsmobile
30,ldaftert@smh.com.au,Lexus
25,dcoalburno@stanford.edu,Ford
26,epanksp@com.com,Ford
27,rboolsq@zdnet.com,Mercedes-Benz
29,mcabels@springer.com,Acura
28,dpilchr@artisteer.com,GMC
31,sthumannu@usa.gov,Ford
34,dpascowx@list-manage.com,Dodge
33,moakwoodw@w3.org,Jeep
32,atilnev@tiny.cc,Infiniti
36,ijorinz@jalbum.net,Toyota
35,dlittlemorey@npr.org,Oldsmobile
37,gfeaver10@youtube.com,Ford
40,eleys13@techcrunch.com,Lexus
41,dgertz14@pagesperso-orange.fr,Suzuki
39,jkillbey12@cornell.edu,Volkswagen
38,mnudd11@tmall.com,Cadillac
42,mpietruszewicz15@over-blog.com,Dodge
43,hthebes16@posterous.com,Ford
45,schataignier18@mac.com,Volvo
44,mfishlock17@house.gov,Mitsubishi
46,bsands19@statcounter.com,Ford
48,phearnes1b@samsung.com,Maybach
47,garger1a@unesco.org,Nissan
49,tlethley1c@stumbleupon.com,Land Rover
50,mcleaton1d@bravesites.com,BMW
52,rdaggett1f@com.com,Land Rover
51,emuirden1e@dropbox.com,Chevrolet
53,jderyebarrett1g@list-manage.com,Chevrolet
54,amcleoid1h@ask.com,Nissan
55,speacocke1i@microsoft.com,Cadillac
56,cmansel1j@tripadvisor.com,Mitsubishi
58,vjaray1l@typepad.com,Chevrolet
60,fmarchington1n@businessinsider.com,Pontiac
57,mpresidey1k@artisteer.com,Nissan
59,zpedroni1m@tumblr.com,Toyota
61,wneedham1o@livejournal.com,Kia
63,haldus1q@tumblr.com,Porsche
62,btivenan1p@reference.com,BMW
67,dlevermore1u@linkedin.com,Infiniti
65,cspurman1s@si.edu,Toyota
64,tlambeth1r@biblegateway.com,Chrysler
66,rchestnut1t@ocn.ne.jp,Volkswagen
70,aconkey1x@techcrunch.com,Mercedes-Benz
73,twomersley20@google.nl,Porsche
72,mrozet1z@technorati.com,Plymouth
69,csweetman1w@goodreads.com,Dodge
68,tgrievson1v@gnu.org,Mercedes-Benz
71,killesley1y@timesonline.co.uk,Mitsubishi
74,jhullyer21@geocities.com,Dodge
77,spallister24@cbslocal.com,Lincoln
78,tboggas25@ebay.com,Dodge
75,thentze22@wunderground.com,Honda
76,camar23@mysql.com,Ford
79,lmatashkin26@dailymotion.com,Dodge
81,jvondracek28@army.mil,Mazda
82,lchessor29@ifeng.com,Lincoln
80,kdudderidge27@deliciousdays.com,Pontiac
84,pmowett2b@omniture.com,Suzuki
83,krenshall2a@scribd.com,Volvo
85,jlinklater2c@gnu.org,Chrysler
90,cfahrenbacher2h@facebook.com,Mercedes-Benz
86,garmal2d@google.ca,Dodge
88,lfeare2f@histats.com,Lexus
87,hyitzowitz2e@merriam-webster.com,Chevrolet
89,trumke2g@amazon.com,Volvo
91,ggoldfinch2i@forbes.com,Chevrolet
92,dblumson2j@engadget.com,Chevrolet
93,gchappelle2k@woothemes.com,Ford
94,nbonniface2l@shinystat.com,Mitsubishi
95,bbeels2m@digg.com,Cadillac
96,mbillings2n@shop-pro.jp,Mercedes-Benz
97,diwanowski2o@wikimedia.org,Toyota
99,clinay2q@mapy.cz,Buick
98,cgrishin2p@eventbrite.com,Porsche
100,ltrye2r@biglobe.ne.jp,Hyundai
2,fgibbard1@webs.com,Nissan
1,rwickmann0@biblegateway.com,Mazda
4,straite3@desdev.cn,Mitsubishi
3,etroy2@statcounter.com,Pontiac
6,ljedrysik5@alibaba.com,Mercury
5,jwarmisham4@ebay.co.uk,BMW
8,dpockey7@time.com,Suzuki
7,mskillett6@addthis.com,Oldsmobile
9,csnowling8@ted.com,Oldsmobile
12,rdaymontb@rakuten.co.jp,Toyota
11,nhaffnera@oracle.com,Mazda
10,taitchison9@ehow.com,Buick
13,olinehamc@domainmarket.com,Mitsubishi
18,nwitlingh@bravesites.com,Porsche
17,rmakeyg@jimdo.com,Lexus
15,skeepencee@51.la,Chevrolet
16,fiacovinif@sohu.com,Toyota
14,mwyllcocksd@opera.com,Maserati
19,kbrydelli@cnn.com,GMC
24,cbewn@xrea.com,Oldsmobile
22,rvangol@edublogs.org,Chevrolet
23,mmecozzim@prweb.com,Mercedes-Benz
21,jtaggartk@nhs.uk,Kia
20,rwithamj@wired.com,Buick
25,dcoalburno@stanford.edu,Ford
27,rboolsq@zdnet.com,Mercedes-Benz
26,epanksp@com.com,Ford
28,dpilchr@artisteer.com,GMC
29,mcabels@springer.com,Acura
30,ldaftert@smh.com.au,Lexus
31,sthumannu@usa.gov,Ford
33,moakwoodw@w3.org,Jeep
32,atilnev@tiny.cc,Infiniti
34,dpascowx@list-manage.com,Dodge
36,ijorinz@jalbum.net,Toyota
35,dlittlemorey@npr.org,Oldsmobile
37,gfeaver10@youtube.com,Ford
38,mnudd11@tmall.com,Cadillac
40,eleys13@techcrunch.com,Lexus
39,jkillbey12@cornell.edu,Volkswagen
41,dgertz14@pagesperso-orange.fr,Suzuki
42,mpietruszewicz15@over-blog.com,Dodge
44,mfishlock17@house.gov,Mitsubishi
43,hthebes16@posterous.com,Ford
45,schataignier18@mac.com,Volvo
46,bsands19@statcounter.com,Ford
48,phearnes1b@samsung.com,Maybach
51,emuirden1e@dropbox.com,Chevrolet
47,garger1a@unesco.org,Nissan
52,rdaggett1f@com.com,Land Rover
49,tlethley1c@stumbleupon.com,Land Rover
50,mcleaton1d@bravesites.com,BMW
55,speacocke1i@microsoft.com,Cadillac
56,cmansel1j@tripadvisor.com,Mitsubishi
53,jderyebarrett1g@list-manage.com,Chevrolet
54,amcleoid1h@ask.com,Nissan
57,mpresidey1k@artisteer.com,Nissan
58,vjaray1l@typepad.com,Chevrolet
59,zpedroni1m@tumblr.com,Toyota
60,fmarchington1n@businessinsider.com,Pontiac
62,btivenan1p@reference.com,BMW
61,wneedham1o@livejournal.com,Kia
64,tlambeth1r@biblegateway.com,Chrysler
63,haldus1q@tumblr.com,Porsche
65,cspurman1s@si.edu,Toyota
69,csweetman1w@goodreads.com,Dodge
68,tgrievson1v@gnu.org,Mercedes-Benz
66,rchestnut1t@ocn.ne.jp,Volkswagen
67,dlevermore1u@linkedin.com,Infiniti
70,aconkey1x@techcrunch.com,Mercedes-Benz
73,twomersley20@google.nl,Porsche
71,killesley1y@timesonline.co.uk,Mitsubishi
74,jhullyer21@geocities.com,Dodge
72,mrozet1z@technorati.com,Plymouth
75,thentze22@wunderground.com,Honda
76,camar23@mysql.com,Ford
77,spallister24@cbslocal.com,Lincoln
80,kdudderidge27@deliciousdays.com,Pontiac
79,lmatashkin26@dailymotion.com,Dodge
78,tboggas25@ebay.com,Dodge
81,jvondracek28@army.mil,Mazda
82,lchessor29@ifeng.com,Lincoln
83,krenshall2a@scribd.com,Volvo
84,pmowett2b@omniture.com,Suzuki
85,jlinklater2c@gnu.org,Chrysler
86,garmal2d@google.ca,Dodge
87,hyitzowitz2e@merriam-webster.com,Chevrolet
88,lfeare2f@histats.com,Lexus
89,trumke2g@amazon.com,Volvo
90,cfahrenbacher2h@facebook.com,Mercedes-Benz
93,gchappelle2k@woothemes.com,Ford
91,ggoldfinch2i@forbes.com,Chevrolet
92,dblumson2j@engadget.com,Chevrolet
94,nbonniface2l@shinystat.com,Mitsubishi
95,bbeels2m@digg.com,Cadillac
96,mbillings2n@shop-pro.jp,Mercedes-Benz
97,diwanowski2o@wikimedia.org,Toyota
100,ltrye2r@biglobe.ne.jp,Hyundai
98,cgrishin2p@eventbrite.com,Porsche
99,clinay2q@mapy.cz,Buick
1,rwickmann0@biblegateway.com,Mazda
2,fgibbard1@webs.com,Nissan
3,etroy2@statcounter.com,Pontiac
4,straite3@desdev.cn,Mitsubishi
5,jwarmisham4@ebay.co.uk,BMW
6,ljedrysik5@alibaba.com,Mercury
7,mskillett6@addthis.com,Oldsmobile
8,dpockey7@time.com,Suzuki
9,csnowling8@ted.com,Oldsmobile
10,taitchison9@ehow.com,Buick
11,nhaffnera@oracle.com,Mazda
12,rdaymontb@rakuten.co.jp,Toyota
13,olinehamc@domainmarket.com,Mitsubishi
14,mwyllcocksd@opera.com,Maserati
15,skeepencee@51.la,Chevrolet
16,fiacovinif@sohu.com,Toyota
17,rmakeyg@jimdo.com,Lexus
18,nwitlingh@bravesites.com,Porsche
19,kbrydelli@cnn.com,GMC
20,rwithamj@wired.com,Buick
21,jtaggartk@nhs.uk,Kia
22,rvangol@edublogs.org,Chevrolet
23,mmecozzim@prweb.com,Mercedes-Benz
24,cbewn@xrea.com,Oldsmobile
25,dcoalburno@stanford.edu,Ford
26,epanksp@com.com,Ford
27,rboolsq@zdnet.com,Mercedes-Benz
28,dpilchr@artisteer.com,GMC
29,mcabels@springer.com,Acura
30,ldaftert@smh.com.au,Lexus
31,sthumannu@usa.gov,Ford
32,atilnev@tiny.cc,Infiniti
33,moakwoodw@w3.org,Jeep
34,dpascowx@list-manage.com,Dodge
35,dlittlemorey@npr.org,Oldsmobile
36,ijorinz@jalbum.net,Toyota
37,gfeaver10@youtube.com,Ford
38,mnudd11@tmall.com,Cadillac
39,jkillbey12@cornell.edu,Volkswagen
40,eleys13@techcrunch.com,Lexus
41,dgertz14@pagesperso-orange.fr,Suzuki
42,mpietruszewicz15@over-blog.com,Dodge
43,hthebes16@posterous.com,Ford
44,mfishlock17@house.gov,Mitsubishi
45,schataignier18@mac.com,Volvo
46,bsands19@statcounter.com,Ford
47,garger1a@unesco.org,Nissan
48,phearnes1b@samsung.com,Maybach
49,tlethley1c@stumbleupon.com,Land Rover
50,mcleaton1d@bravesites.com,BMW
51,emuirden1e@dropbox.com,Chevrolet
52,rdaggett1f@com.com,Land Rover
53,jderyebarrett1g@list-manage.com,Chevrolet
54,amcleoid1h@ask.com,Nissan
55,speacocke1i@microsoft.com,Cadillac
56,cmansel1j@tripadvisor.com,Mitsubishi
57,mpresidey1k@artisteer.com,Nissan
58,vjaray1l@typepad.com,Chevrolet
59,zpedroni1m@tumblr.com,Toyota
60,fmarchington1n@businessinsider.com,Pontiac
61,wneedham1o@livejournal.com,Kia
62,btivenan1p@reference.com,BMW
63,haldus1q@tumblr.com,Porsche
64,tlambeth1r@biblegateway.com,Chrysler
65,cspurman1s@si.edu,Toyota
66,rchestnut1t@ocn.ne.jp,Volkswagen
67,dlevermore1u@linkedin.com,Infiniti
68,tgrievson1v@gnu.org,Mercedes-Benz
69,csweetman1w@goodreads.com,Dodge
70,aconkey1x@techcrunch.com,Mercedes-Benz
71,killesley1y@timesonline.co.uk,Mitsubishi
72,mrozet1z@technorati.com,Plymouth
73,twomersley20@google.nl,Porsche
74,jhullyer21@geocities.com,Dodge
75,thentze22@wunderground.com,Honda
76,camar23@mysql.com,Ford
77,spallister24@cbslocal.com,Lincoln
78,tboggas25@ebay.com,Dodge
79,lmatashkin26@dailymotion.com,Dodge
80,kdudderidge27@deliciousdays.com,Pontiac
81,jvondracek28@army.mil,Mazda
82,lchessor29@ifeng.com,Lincoln
83,krenshall2a@scribd.com,Volvo
84,pmowett2b@omniture.com,Suzuki
85,jlinklater2c@gnu.org,Chrysler
86,garmal2d@google.ca,Dodge
87,hyitzowitz2e@merriam-webster.com,Chevrolet
88,lfeare2f@histats.com,Lexus
89,trumke2g@amazon.com,Volvo
90,cfahrenbacher2h@facebook.com,Mercedes-Benz
91,ggoldfinch2i@forbes.com,Chevrolet
92,dblumson2j@engadget.com,Chevrolet
93,gchappelle2k@woothemes.com,Ford
94,nbonniface2l@shinystat.com,Mitsubishi
95,bbeels2m@digg.com,Cadillac
96,mbillings2n@shop-pro.jp,Mercedes-Benz
97,diwanowski2o@wikimedia.org,Toyota
98,cgrishin2p@eventbrite.com,Porsche
99,clinay2q@mapy.cz,Buick
100,ltrye2r@biglobe.ne.jp,Hyundai
1,rwickmann0@biblegateway.com,Mazda
2,fgibbard1@webs.com,Nissan
3,etroy2@statcounter.com,Pontiac
4,straite3@desdev.cn,Mitsubishi
5,jwarmisham4@ebay.co.uk,BMW
6,ljedrysik5@alibaba.com,Mercury
7,mskillett6@addthis.com,Oldsmobile
8,dpockey7@time.com,Suzuki
9,csnowling8@ted.com,Oldsmobile
10,taitchison9@ehow.com,Buick
11,nhaffnera@oracle.com,Mazda
12,rdaymontb@rakuten.co.jp,Toyota
13,olinehamc@domainmarket.com,Mitsubishi
14,mwyllcocksd@opera.com,Maserati
15,skeepencee@51.la,Chevrolet
16,fiacovinif@sohu.com,Toyota
17,rmakeyg@jimdo.com,Lexus
18,nwitlingh@bravesites.com,Porsche
19,kbrydelli@cnn.com,GMC
20,rwithamj@wired.com,Buick
21,jtaggartk@nhs.uk,Kia
22,rvangol@edublogs.org,Chevrolet
23,mmecozzim@prweb.com,Mercedes-Benz
24,cbewn@xrea.com,Oldsmobile
25,dcoalburno@stanford.edu,Ford
26,epanksp@com.com,Ford
27,rboolsq@zdnet.com,Mercedes-Benz
28,dpilchr@artisteer.com,GMC
29,mcabels@springer.com,Acura
30,ldaftert@smh.com.au,Lexus
31,sthumannu@usa.gov,Ford
32,atilnev@tiny.cc,Infiniti
33,moakwoodw@w3.org,Jeep
34,dpascowx@list-manage.com,Dodge
35,dlittlemorey@npr.org,Oldsmobile
36,ijorinz@jalbum.net,Toyota
37,gfeaver10@youtube.com,Ford
38,mnudd11@tmall.com,Cadillac
39,jkillbey12@cornell.edu,Volkswagen
40,eleys13@techcrunch.com,Lexus
41,dgertz14@pagesperso-orange.fr,Suzuki
42,mpietruszewicz15@over-blog.com,Dodge
43,hthebes16@posterous.com,Ford
44,mfishlock17@house.gov,Mitsubishi
45,schataignier18@mac.com,Volvo
46,bsands19@statcounter.com,Ford
47,garger1a@unesco.org,Nissan
48,phearnes1b@samsung.com,Maybach
49,tlethley1c@stumbleupon.com,Land Rover
50,mcleaton1d@bravesites.com,BMW
51,emuirden1e@dropbox.com,Chevrolet
52,rdaggett1f@com.com,Land Rover
53,jderyebarrett1g@list-manage.com,Chevrolet
54,amcleoid1h@ask.com,Nissan
55,speacocke1i@microsoft.com,Cadillac
56,cmansel1j@tripadvisor.com,Mitsubishi
57,mpresidey1k@artisteer.com,Nissan
58,vjaray1l@typepad.com,Chevrolet
59,zpedroni1m@tumblr.com,Toyota
60,fmarchington1n@businessinsider.com,Pontiac
61,wneedham1o@livejournal.com,Kia
62,btivenan1p@reference.com,BMW
63,haldus1q@tumblr.com,Porsche
64,tlambeth1r@biblegateway.com,Chrysler
65,cspurman1s@si.edu,Toyota
66,rchestnut1t@ocn.ne.jp,Volkswagen
67,dlevermore1u@linkedin.com,Infiniti
68,tgrievson1v@gnu.org,Mercedes-Benz
69,csweetman1w@goodreads.com,Dodge
70,aconkey1x@techcrunch.com,Mercedes-Benz
71,killesley1y@timesonline.co.uk,Mitsubishi
72,mrozet1z@technorati.com,Plymouth
73,twomersley20@google.nl,Porsche
74,jhullyer21@geocities.com,Dodge
75,thentze22@wunderground.com,Honda
76,camar23@mysql.com,Ford
77,spallister24@cbslocal.com,Lincoln
78,tboggas25@ebay.com,Dodge
79,lmatashkin26@dailymotion.com,Dodge
80,kdudderidge27@deliciousdays.com,Pontiac
81,jvondracek28@army.mil,Mazda
82,lchessor29@ifeng.com,Lincoln
83,krenshall2a@scribd.com,Volvo
84,pmowett2b@omniture.com,Suzuki
85,jlinklater2c@gnu.org,Chrysler
86,garmal2d@google.ca,Dodge
87,hyitzowitz2e@merriam-webster.com,Chevrolet
88,lfeare2f@histats.com,Lexus
89,trumke2g@amazon.com,Volvo
90,cfahrenbacher2h@facebook.com,Mercedes-Benz
91,ggoldfinch2i@forbes.com,Chevrolet
92,dblumson2j@engadget.com,Chevrolet
93,gchappelle2k@woothemes.com,Ford
94,nbonniface2l@shinystat.com,Mitsubishi
95,bbeels2m@digg.com,Cadillac
96,mbillings2n@shop-pro.jp,Mercedes-Benz
97,diwanowski2o@wikimedia.org,Toyota
98,cgrishin2p@eventbrite.com,Porsche
99,clinay2q@mapy.cz,Buick
100,ltrye2r@biglobe.ne.jp,Hyundai
1,rwickmann0@biblegateway.com,Mazda
2,fgibbard1@webs.com,Nissan
3,etroy2@statcounter.com,Pontiac
4,straite3@desdev.cn,Mitsubishi
5,jwarmisham4@ebay.co.uk,BMW
6,ljedrysik5@alibaba.com,Mercury
7,mskillett6@addthis.com,Oldsmobile
8,dpockey7@time.com,Suzuki
9,csnowling8@ted.com,Oldsmobile
10,taitchison9@ehow.com,Buick
11,nhaffnera@oracle.com,Mazda
12,rdaymontb@rakuten.co.jp,Toyota
13,olinehamc@domainmarket.com,Mitsubishi
14,mwyllcocksd@opera.com,Maserati
15,skeepencee@51.la,Chevrolet
16,fiacovinif@sohu.com,Toyota
17,rmakeyg@jimdo.com,Lexus
18,nwitlingh@bravesites.com,Porsche
19,kbrydelli@cnn.com,GMC
20,rwithamj@wired.com,Buick
21,jtaggartk@nhs.uk,Kia
22,rvangol@edublogs.org,Chevrolet
23,mmecozzim@prweb.com,Mercedes-Benz
24,cbewn@xrea.com,Oldsmobile
25,dcoalburno@stanford.edu,Ford
26,epanksp@com.com,Ford
27,rboolsq@zdnet.com,Mercedes-Benz
28,dpilchr@artisteer.com,GMC
29,mcabels@springer.com,Acura
30,ldaftert@smh.com.au,Lexus
31,sthumannu@usa.gov,Ford
32,atilnev@tiny.cc,Infiniti
33,moakwoodw@w3.org,Jeep
34,dpascowx@list-manage.com,Dodge
35,dlittlemorey@npr.org,Oldsmobile
36,ijorinz@jalbum.net,Toyota
37,gfeaver10@youtube.com,Ford
38,mnudd11@tmall.com,Cadillac
39,jkillbey12@cornell.edu,Volkswagen
40,eleys13@techcrunch.com,Lexus
41,dgertz14@pagesperso-orange.fr,Suzuki
42,mpietruszewicz15@over-blog.com,Dodge
43,hthebes16@posterous.com,Ford
44,mfishlock17@house.gov,Mitsubishi
45,schataignier18@mac.com,Volvo
46,bsands19@statcounter.com,Ford
47,garger1a@unesco.org,Nissan
48,phearnes1b@samsung.com,Maybach
49,tlethley1c@stumbleupon.com,Land Rover
50,mcleaton1d@bravesites.com,BMW
51,emuirden1e@dropbox.com,Chevrolet
52,rdaggett1f@com.com,Land Rover
53,jderyebarrett1g@list-manage.com,Chevrolet
54,amcleoid1h@ask.com,Nissan
55,speacocke1i@microsoft.com,Cadillac
56,cmansel1j@tripadvisor.com,Mitsubishi
57,mpresidey1k@artisteer.com,Nissan
58,vjaray1l@typepad.com,Chevrolet
59,zpedroni1m@tumblr.com,Toyota
60,fmarchington1n@businessinsider.com,Pontiac
61,wneedham1o@livejournal.com,Kia
62,btivenan1p@reference.com,BMW
63,haldus1q@tumblr.com,Porsche
64,tlambeth1r@biblegateway.com,Chrysler
65,cspurman1s@si.edu,Toyota
66,rchestnut1t@ocn.ne.jp,Volkswagen
67,dlevermore1u@linkedin.com,Infiniti
68,tgrievson1v@gnu.org,Mercedes-Benz
69,csweetman1w@goodreads.com,Dodge
70,aconkey1x@techcrunch.com,Mercedes-Benz
71,killesley1y@timesonline.co.uk,Mitsubishi
72,mrozet1z@technorati.com,Plymouth
73,twomersley20@google.nl,Porsche
74,jhullyer21@geocities.com,Dodge
75,thentze22@wunderground.com,Honda
76,camar23@mysql.com,Ford
77,spallister24@cbslocal.com,Lincoln
78,tboggas25@ebay.com,Dodge
79,lmatashkin26@dailymotion.com,Dodge
80,kdudderidge27@deliciousdays.com,Pontiac
81,jvondracek28@army.mil,Mazda
82,lchessor29@ifeng.com,Lincoln
83,krenshall2a@scribd.com,Volvo
84,pmowett2b@omniture.com,Suzuki
85,jlinklater2c@gnu.org,Chrysler
86,garmal2d@google.ca,Dodge
87,hyitzowitz2e@merriam-webster.com,Chevrolet
88,lfeare2f@histats.com,Lexus
89,trumke2g@amazon.com,Volvo
90,cfahrenbacher2h@facebook.com,Mercedes-Benz
91,ggoldfinch2i@forbes.com,Chevrolet
92,dblumson2j@engadget.com,Chevrolet
93,gchappelle2k@woothemes.com,Ford
94,nbonniface2l@shinystat.com,Mitsubishi
95,bbeels2m@digg.com,Cadillac
96,mbillings2n@shop-pro.jp,Mercedes-Benz
97,diwanowski2o@wikimedia.org,Toyota
98,cgrishin2p@eventbrite.com,Porsche
99,clinay2q@mapy.cz,Buick
100,ltrye2r@biglobe.ne.jp,Hyundai
1,rwickmann0@biblegateway.com,Mazda
2,fgibbard1@webs.com,Nissan
3,etroy2@statcounter.com,Pontiac
4,straite3@desdev.cn,Mitsubishi
5,jwarmisham4@ebay.co.uk,BMW
6,ljedrysik5@alibaba.com,Mercury
7,mskillett6@addthis.com,Oldsmobile
8,dpockey7@time.com,Suzuki
9,csnowling8@ted.com,Oldsmobile
10,taitchison9@ehow.com,Buick
11,nhaffnera@oracle.com,Mazda
12,rdaymontb@rakuten.co.jp,Toyota
13,olinehamc@domainmarket.com,Mitsubishi
14,mwyllcocksd@opera.com,Maserati
15,skeepencee@51.la,Chevrolet
16,fiacovinif@sohu.com,Toyota
17,rmakeyg@jimdo.com,Lexus
18,nwitlingh@bravesites.com,Porsche
19,kbrydelli@cnn.com,GMC
20,rwithamj@wired.com,Buick
21,jtaggartk@nhs.uk,Kia
22,rvangol@edublogs.org,Chevrolet
23,mmecozzim@prweb.com,Mercedes-Benz
24,cbewn@xrea.com,Oldsmobile
25,dcoalburno@stanford.edu,Ford
26,epanksp@com.com,Ford
27,rboolsq@zdnet.com,Mercedes-Benz
28,dpilchr@artisteer.com,GMC
29,mcabels@springer.com,Acura
30,ldaftert@smh.com.au,Lexus
31,sthumannu@usa.gov,Ford
32,atilnev@tiny.cc,Infiniti
33,moakwoodw@w3.org,Jeep
34,dpascowx@list-manage.com,Dodge
35,dlittlemorey@npr.org,Oldsmobile
36,ijorinz@jalbum.net,Toyota
37,gfeaver10@youtube.com,Ford
38,mnudd11@tmall.com,Cadillac
39,jkillbey12@cornell.edu,Volkswagen
40,eleys13@techcrunch.com,Lexus
41,dgertz14@pagesperso-orange.fr,Suzuki
42,mpietruszewicz15@over-blog.com,Dodge
43,hthebes16@posterous.com,Ford
44,mfishlock17@house.gov,Mitsubishi
45,schataignier18@mac.com,Volvo
46,bsands19@statcounter.com,Ford
47,garger1a@unesco.org,Nissan
48,phearnes1b@samsung.com,Maybach
49,tlethley1c@stumbleupon.com,Land Rover
50,mcleaton1d@bravesites.com,BMW
51,emuirden1e@dropbox.com,Chevrolet
52,rdaggett1f@com.com,Land Rover
53,jderyebarrett1g@list-manage.com,Chevrolet
54,amcleoid1h@ask.com,Nissan
55,speacocke1i@microsoft.com,Cadillac
56,cmansel1j@tripadvisor.com,Mitsubishi
57,mpresidey1k@artisteer.com,Nissan
58,vjaray1l@typepad.com,Chevrolet
59,zpedroni1m@tumblr.com,Toyota
60,fmarchington1n@businessinsider.com,Pontiac
61,wneedham1o@livejournal.com,Kia
62,btivenan1p@reference.com,BMW
63,haldus1q@tumblr.com,Porsche
64,tlambeth1r@biblegateway.com,Chrysler
65,cspurman1s@si.edu,Toyota
66,rchestnut1t@ocn.ne.jp,Volkswagen
67,dlevermore1u@linkedin.com,Infiniti
68,tgrievson1v@gnu.org,Mercedes-Benz
69,csweetman1w@goodreads.com,Dodge
70,aconkey1x@techcrunch.com,Mercedes-Benz
71,killesley1y@timesonline.co.uk,Mitsubishi
72,mrozet1z@technorati.com,Plymouth
73,twomersley20@google.nl,Porsche
74,jhullyer21@geocities.com,Dodge
75,thentze22@wunderground.com,Honda
76,camar23@mysql.com,Ford
77,spallister24@cbslocal.com,Lincoln
78,tboggas25@ebay.com,Dodge
79,lmatashkin26@dailymotion.com,Dodge
80,kdudderidge27@deliciousdays.com,Pontiac
81,jvondracek28@army.mil,Mazda
82,lchessor29@ifeng.com,Lincoln
83,krenshall2a@scribd.com,Volvo
84,pmowett2b@omniture.com,Suzuki
85,jlinklater2c@gnu.org,Chrysler
86,garmal2d@google.ca,Dodge
87,hyitzowitz2e@merriam-webster.com,Chevrolet
88,lfeare2f@histats.com,Lexus
89,trumke2g@amazon.com,Volvo
90,cfahrenbacher2h@facebook.com,Mercedes-Benz
91,ggoldfinch2i@forbes.com,Chevrolet
92,dblumson2j@engadget.com,Chevrolet
93,gchappelle2k@woothemes.com,Ford
94,nbonniface2l@shinystat.com,Mitsubishi
95,bbeels2m@digg.com,Cadillac
96,mbillings2n@shop-pro.jp,Mercedes-Benz
97,diwanowski2o@wikimedia.org,Toyota
98,cgrishin2p@eventbrite.com,Porsche
99,clinay2q@mapy.cz,Buick
100,ltrye2r@biglobe.ne.jp,Hyundai
1,rwickmann0@biblegateway.com,Mazda
2,fgibbard1@webs.com,Nissan
3,etroy2@statcounter.com,Pontiac
4,straite3@desdev.cn,Mitsubishi
5,jwarmisham4@ebay.co.uk,BMW
6,ljedrysik5@alibaba.com,Mercury
7,mskillett6@addthis.com,Oldsmobile
8,dpockey7@time.com,Suzuki
9,csnowling8@ted.com,Oldsmobile
10,taitchison9@ehow.com,Buick
11,nhaffnera@oracle.com,Mazda
12,rdaymontb@rakuten.co.jp,Toyota
13,olinehamc@domainmarket.com,Mitsubishi
14,mwyllcocksd@opera.com,Maserati
15,skeepencee@51.la,Chevrolet
16,fiacovinif@sohu.com,Toyota
17,rmakeyg@jimdo.com,Lexus
18,nwitlingh@bravesites.com,Porsche
19,kbrydelli@cnn.com,GMC
20,rwithamj@wired.com,Buick
21,jtaggartk@nhs.uk,Kia
22,rvangol@edublogs.org,Chevrolet
23,mmecozzim@prweb.com,Mercedes-Benz
24,cbewn@xrea.com,Oldsmobile
25,dcoalburno@stanford.edu,Ford
26,epanksp@com.com,Ford
27,rboolsq@zdnet.com,Mercedes-Benz
28,dpilchr@artisteer.com,GMC
29,mcabels@springer.com,Acura
30,ldaftert@smh.com.au,Lexus
31,sthumannu@usa.gov,Ford
32,atilnev@tiny.cc,Infiniti
33,moakwoodw@w3.org,Jeep
34,dpascowx@list-manage.com,Dodge
35,dlittlemorey@npr.org,Oldsmobile
36,ijorinz@jalbum.net,Toyota
37,gfeaver10@youtube.com,Ford
38,mnudd11@tmall.com,Cadillac
39,jkillbey12@cornell.edu,Volkswagen
40,eleys13@techcrunch.com,Lexus
41,dgertz14@pagesperso-orange.fr,Suzuki
42,mpietruszewicz15@over-blog.com,Dodge
43,hthebes16@posterous.com,Ford
44,mfishlock17@house.gov,Mitsubishi
45,schataignier18@mac.com,Volvo
46,bsands19@statcounter.com,Ford
47,garger1a@unesco.org,Nissan
48,phearnes1b@samsung.com,Maybach
49,tlethley1c@stumbleupon.com,Land Rover
50,mcleaton1d@bravesites.com,BMW
51,emuirden1e@dropbox.com,Chevrolet
52,rdaggett1f@com.com,Land Rover
53,jderyebarrett1g@list-manage.com,Chevrolet
54,amcleoid1h@ask.com,Nissan
55,speacocke1i@microsoft.com,Cadillac
56,cmansel1j@tripadvisor.com,Mitsubishi
57,mpresidey1k@artisteer.com,Nissan
58,vjaray1l@typepad.com,Chevrolet
59,zpedroni1m@tumblr.com,Toyota
60,fmarchington1n@businessinsider.com,Pontiac
61,wneedham1o@livejournal.com,Kia
62,btivenan1p@reference.com,BMW
63,haldus1q@tumblr.com,Porsche
64,tlambeth1r@biblegateway.com,Chrysler
65,cspurman1s@si.edu,Toyota
66,rchestnut1t@ocn.ne.jp,Volkswagen
67,dlevermore1u@linkedin.com,Infiniti
68,tgrievson1v@gnu.org,Mercedes-Benz
69,csweetman1w@goodreads.com,Dodge
70,aconkey1x@techcrunch.com,Mercedes-Benz
71,killesley1y@timesonline.co.uk,Mitsubishi
72,mrozet1z@technorati.com,Plymouth
73,twomersley20@google.nl,Porsche
74,jhullyer21@geocities.com,Dodge
75,thentze22@wunderground.com,Honda
76,camar23@mysql.com,Ford
77,spallister24@cbslocal.com,Lincoln
78,tboggas25@ebay.com,Dodge
79,lmatashkin26@dailymotion.com,Dodge
80,kdudderidge27@deliciousdays.com,Pontiac
81,jvondracek28@army.mil,Mazda
82,lchessor29@ifeng.com,Lincoln
83,krenshall2a@scribd.com,Volvo
84,pmowett2b@omniture.com,Suzuki
85,jlinklater2c@gnu.org,Chrysler
86,garmal2d@google.ca,Dodge
87,hyitzowitz2e@merriam-webster.com,Chevrolet
88,lfeare2f@histats.com,Lexus
89,trumke2g@amazon.com,Volvo
90,cfahrenbacher2h@facebook.com,Mercedes-Benz
91,ggoldfinch2i@forbes.com,Chevrolet
92,dblumson2j@engadget.com,Chevrolet
93,gchappelle2k@woothemes.com,Ford
94,nbonniface2l@shinystat.com,Mitsubishi
95,bbeels2m@digg.com,Cadillac
96,mbillings2n@shop-pro.jp,Mercedes-Benz
97,diwanowski2o@wikimedia.org,Toyota
98,cgrishin2p@eventbrite.com,Porsche
99,clinay2q@mapy.cz,Buick
100,ltrye2r@biglobe.ne.jp,Hyundai
1,rwickmann0@biblegateway.com,Mazda
2,fgibbard1@webs.com,Nissan
3,etroy2@statcounter.com,Pontiac
4,straite3@desdev.cn,Mitsubishi
5,jwarmisham4@ebay.co.uk,BMW
6,ljedrysik5@alibaba.com,Mercury
7,mskillett6@addthis.com,Oldsmobile
8,dpockey7@time.com,Suzuki
9,csnowling8@ted.com,Oldsmobile
10,taitchison9@ehow.com,Buick
11,nhaffnera@oracle.com,Mazda
12,rdaymontb@rakuten.co.jp,Toyota
13,olinehamc@domainmarket.com,Mitsubishi
14,mwyllcocksd@opera.com,Maserati
15,skeepencee@51.la,Chevrolet
16,fiacovinif@sohu.com,Toyota
17,rmakeyg@jimdo.com,Lexus
18,nwitlingh@bravesites.com,Porsche
19,kbrydelli@cnn.com,GMC
20,rwithamj@wired.com,Buick
21,jtaggartk@nhs.uk,Kia
22,rvangol@edublogs.org,Chevrolet
23,mmecozzim@prweb.com,Mercedes-Benz
24,cbewn@xrea.com,Oldsmobile
25,dcoalburno@stanford.edu,Ford
26,epanksp@com.com,Ford
27,rboolsq@zdnet.com,Mercedes-Benz
28,dpilchr@artisteer.com,GMC
29,mcabels@springer.com,Acura
30,ldaftert@smh.com.au,Lexus
31,sthumannu@usa.gov,Ford
32,atilnev@tiny.cc,Infiniti
33,moakwoodw@w3.org,Jeep
34,dpascowx@list-manage.com,Dodge
35,dlittlemorey@npr.org,Oldsmobile
36,ijorinz@jalbum.net,Toyota
37,gfeaver10@youtube.com,Ford
38,mnudd11@tmall.com,Cadillac
39,jkillbey12@cornell.edu,Volkswagen
40,eleys13@techcrunch.com,Lexus
41,dgertz14@pagesperso-orange.fr,Suzuki
42,mpietruszewicz15@over-blog.com,Dodge
43,hthebes16@posterous.com,Ford
44,mfishlock17@house.gov,Mitsubishi
45,schataignier18@mac.com,Volvo
46,bsands19@statcounter.com,Ford
47,garger1a@unesco.org,Nissan
48,phearnes1b@samsung.com,Maybach
49,tlethley1c@stumbleupon.com,Land Rover
50,mcleaton1d@bravesites.com,BMW
51,emuirden1e@dropbox.com,Chevrolet
52,rdaggett1f@com.com,Land Rover
53,jderyebarrett1g@list-manage.com,Chevrolet
54,amcleoid1h@ask.com,Nissan
55,speacocke1i@microsoft.com,Cadillac
56,cmansel1j@tripadvisor.com,Mitsubishi
57,mpresidey1k@artisteer.com,Nissan
58,vjaray1l@typepad.com,Chevrolet
59,zpedroni1m@tumblr.com,Toyota
60,fmarchington1n@businessinsider.com,Pontiac
61,wneedham1o@livejournal.com,Kia
62,btivenan1p@reference.com,BMW
63,haldus1q@tumblr.com,Porsche
64,tlambeth1r@biblegateway.com,Chrysler
65,cspurman1s@si.edu,Toyota
66,rchestnut1t@ocn.ne.jp,Volkswagen
67,dlevermore1u@linkedin.com,Infiniti
68,tgrievson1v@gnu.org,Mercedes-Benz
69,csweetman1w@goodreads.com,Dodge
70,aconkey1x@techcrunch.com,Mercedes-Benz
71,killesley1y@timesonline.co.uk,Mitsubishi
72,mrozet1z@technorati.com,Plymouth
73,twomersley20@google.nl,Porsche
74,jhullyer21@geocities.com,Dodge
75,thentze22@wunderground.com,Honda
76,camar23@mysql.com,Ford
77,spallister24@cbslocal.com,Lincoln
78,tboggas25@ebay.com,Dodge
79,lmatashkin26@dailymotion.com,Dodge
80,kdudderidge27@deliciousdays.com,Pontiac
81,jvondracek28@army.mil,Mazda
82,lchessor29@ifeng.com,Lincoln
83,krenshall2a@scribd.com,Volvo
84,pmowett2b@omniture.com,Suzuki
85,jlinklater2c@gnu.org,Chrysler
86,garmal2d@google.ca,Dodge
87,hyitzowitz2e@merriam-webster.com,Chevrolet
88,lfeare2f@histats.com,Lexus
89,trumke2g@amazon.com,Volvo
90,cfahrenbacher2h@facebook.com,Mercedes-Benz
91,ggoldfinch2i@forbes.com,Chevrolet
92,dblumson2j@engadget.com,Chevrolet
93,gchappelle2k@woothemes.com,Ford
94,nbonniface2l@shinystat.com,Mitsubishi
95,bbeels2m@digg.com,Cadillac
96,mbillings2n@shop-pro.jp,Mercedes-Benz
97,diwanowski2o@wikimedia.org,Toyota
98,cgrishin2p@eventbrite.com,Porsche
99,clinay2q@mapy.cz,Buick
100,ltrye2r@biglobe.ne.jp,Hyundai
